[
{
	"videoId" : "B65hW9YYY5A",
	"poster" : "Avengers.jpg",
	"name"	:"The Avengers: Infinity Wars",
	"positive"	:1131,
	"negative"	:708,
	"neutral" :1531,
	"analysisFile" :"Avengers_INFINITY_WAR result.json"

},
{
	"videoId" : "Pun0oYyFh2M",
	"poster" : "The_incredibles.jpg",
	"name"	:"The Incredibles 2",
	"positive"	:139,
	"negative"	:73,
	"neutral" :262,
	"analysisFile" :"Incredibles_2 result.json"

},
{
	"videoId" : "UhZ56rcWwRQ",
	"poster" : "A_wrinkle_in_time.jpg",
	"name"	:"A Wrinkle in Time",
	"positive"	:1324,
	"negative"	:1001,
	"neutral" :1184,
	"analysisFile" :"a_wrinkle_in_time result.json"

},
{
	"videoId" : "sfwTByCyotA",
	"poster" : "alice_through_the_looking_glass.jpg",
	"name"	:"Alice through the Looking Glass",
	"positive"	:188,
	"negative"	:147,
	"neutral" :196,
	"analysisFile" :"Alice_through_the_looking_glass result.json"

},
{
	"videoId" : "lJCEUXVV_h4",
	"poster" : "Jumanji_2.jpg",
	"name"	:"Jumanji 2: Welcome to the Jungle",
	"positive"	:189,
	"negative"	:128,
	"neutral" :113,
	"analysisFile" :"Jumanji_2 result.json"

},
{
	"videoId" : "ykHeGtN4m94",
	"poster" : "Love_simon.jpg",
	"name"	:"Love, Simon",
	"positive"	:514,
	"negative"	:124,
	"neutral" :323,
	"analysisFile" :"Love_Simon result.json"

},
{
	"videoId" : "7Pa_Weidt08",
	"poster" : "Peter_rabbit.jpg",
	"name"	:"Peter Rabbit",
	"positive"	:452,
	"negative"	:481,
	"neutral" :313,
	"analysisFile" :"Peter_Rabbit result.json"

},
{
	"videoId" : "coOKvrsmQiI",
	"poster" : "Rampage.jpg",
	"name"	:"Rampage",
	"positive"	:950,
	"negative"	:591,
	"neutral" :1266,
	"analysisFile" :"rampage result.json"

},


{
	"videoId" : "PJmpSMRQhhs",
	"poster" : "the_big_sick.jpg",
	"name"	:"The Big Sick",
	"positive"	:93,
	"negative"	:41,
	"neutral" :68,
	"analysisFile" :"The_big_sick result.json"

},
{
	"videoId" : "IjHgzkQM2Sg",
	"poster" : "The_mummy.jpg",
	"name"	:"The Mummy(2017)",
	"positive"	:1159,
	"negative"	:1066,
	"neutral" :1206,
	"analysisFile" :"The_mummy result.json"

},
{
	"videoId" : "E8LttobzeQ4",
	"poster" : "The_snowman.jpg",
	"name"	:"The Snowman",
	"positive"	:646,
	"negative"	:662,
	"neutral" :769,
	"analysisFile" :"The_snowman result.json"

},
{
	"videoId" : "8ndhidEmUbI",
	"poster" : "Tomb_raider.jpg",
	"name"	:"Tomb Raider(2017)",
	"positive"	:139,
	"negative"	:73,
	"neutral" :262,
	"analysisFile" :"Tomb_Raider result.json"

},

{
	"videoId" : "d5exSS74Lh0",
	"poster" : "Hotel_transylvania3.jpg",
	"name"	:"Hotel Transylvania 3 Summer Vaccation",
	"positive"	:1078,
	"negative"	:687,
	"neutral" :704,
	"analysisFile" :"Hotel_transylvania result.json"

},
{
	"videoId" : "ue80QwXMRHg",
	"poster" : "Thor_ragnarok.jpg",
	"name"	:"Thor- Ragnarok",
	"positive"	:747,
	"negative"	:432,
	"neutral" :758,
	"analysisFile" :"THOR RAGNAROK result.json"

},
{
	"videoId" : "MxqsmsA8y5k",
	"poster" : "Deathly_hallows.jpg",
	"name"	:"Harry Potter and the Deathly Hallows",
	"positive"	:1385,
	"negative"	:775,
	"neutral" :906,
	"analysisFile" :"Harry Potter and the Deathly Hallows result.json"

},
{
	"videoId" : "3JNLwlcPBPI",
	"poster" : "finding_dory.jpg",
	"name"	:"Finding Dory",
	"positive"	:424,
	"negative"	:176,
	"neutral" :533,
	"analysisFile" :"Finding Dory result.json"

}
]